{
  "0": {
    "a": 2.767,
    "e": 0.0789,
    "i": 10.59,
    "om": 80.25,
    "w": 73.42,
    "q": 2.549,
    "ad": 2.99,
    "per_y": 4.6,
    "data_arc": 9520.0,
    "condition_code": 0.0,
    "n_obs_used": 1075.0,
    "H": 3.33,
    "spkid": 20000001.0,
    "sats": 0.0,
    "albedo": 0.09,
    "diameter_sigma": 0.2,
    "orbit_id": 2.0,
    "epoch": 2460200.5,
    "epoch_mjd": 60200.0,
    "epoch_cal": 2.0,
    "ma": 60.08,
    "n": 0.2141,
    "tp": 2459919.8999999999,
    "per": 1680.0,
    "moid": 1.58,
    "moid_ld": 616.0,
    "moid_jup": 2.09,
    "t_jup": 3.31,
    "sigma_e": 0.0,
    "sigma_a": 0.0,
    "sigma_q": 0.0,
    "sigma_i": 0.0000000046,
    "sigma_om": 0.000000062,
    "sigma_w": 0.000000066,
    "sigma_ma": 0.0000000066,
    "sigma_ad": 0.0,
    "sigma_n": 0.0,
    "sigma_tp": 0.000000031,
    "sigma_per": 0.0000000093,
    "rms": 0.43153
  },
  "1": {
    "a": 2.77,
    "e": 0.2302,
    "i": 34.93,
    "om": 172.92,
    "w": 310.87,
    "q": 2.132,
    "ad": 3.41,
    "per_y": 4.61,
    "data_arc": 79903.0,
    "condition_code": 0.0,
    "n_obs_used": 9129.0,
    "H": 4.12,
    "spkid": 20000002.0,
    "sats": 0.0,
    "albedo": 0.155,
    "diameter_sigma": 6.0,
    "orbit_id": 2.0,
    "epoch": 2460200.5,
    "epoch_mjd": 60200.0,
    "epoch_cal": 2.0,
    "ma": 40.6,
    "n": 0.2138,
    "tp": 2460010.5899999999,
    "per": 1680.0,
    "moid": 1.23,
    "moid_ld": 478.0,
    "moid_jup": 1.85,
    "t_jup": 3.04,
    "sigma_e": 0.000000011,
    "sigma_a": 0.0000000025,
    "sigma_q": 0.00000003,
    "sigma_i": 0.00000072,
    "sigma_om": 0.0000017,
    "sigma_w": 0.0000052,
    "sigma_ma": 0.000007,
    "sigma_ad": 0.0000000031,
    "sigma_n": 0.0000000003,
    "sigma_tp": 0.000033,
    "sigma_per": 0.0000023,
    "rms": 0.35868
  },
  "2": {
    "a": 2.669,
    "e": 0.2562,
    "i": 12.99,
    "om": 169.84,
    "w": 247.74,
    "q": 1.985,
    "ad": 3.35,
    "per_y": 4.36,
    "data_arc": 79739.0,
    "condition_code": 0.0,
    "n_obs_used": 7487.0,
    "H": 5.16,
    "spkid": 20000003.0,
    "sats": 0.0,
    "albedo": 0.214,
    "diameter_sigma": 10.59,
    "orbit_id": 3.0,
    "epoch": 2460200.5,
    "epoch_mjd": 60200.0,
    "epoch_cal": 2.0,
    "ma": 37.02,
    "n": 0.226,
    "tp": 2460036.6800000002,
    "per": 1590.0,
    "moid": 1.04,
    "moid_ld": 403.0,
    "moid_jup": 2.2,
    "t_jup": 3.3,
    "sigma_e": 0.0000000094,
    "sigma_a": 0.0000000021,
    "sigma_q": 0.000000025,
    "sigma_i": 0.00000064,
    "sigma_om": 0.0000026,
    "sigma_w": 0.0000031,
    "sigma_ma": 0.0000026,
    "sigma_ad": 0.0000000026,
    "sigma_n": 0.0000000003,
    "sigma_tp": 0.000011,
    "sigma_per": 0.0000018,
    "rms": 0.35698
  },
  "3": {
    "a": 2.362,
    "e": 0.0894,
    "i": 7.14,
    "om": 103.71,
    "w": 151.66,
    "q": 2.151,
    "ad": 2.57,
    "per_y": 3.63,
    "data_arc": 25743.0,
    "condition_code": 0.0,
    "n_obs_used": 9451.0,
    "H": 3.22,
    "spkid": 20000004.0,
    "sats": 0.0,
    "albedo": 0.4228,
    "diameter_sigma": 0.2,
    "orbit_id": 1.0,
    "epoch": 2460200.5,
    "epoch_mjd": 60200.0,
    "epoch_cal": 2.0,
    "ma": 169.35,
    "n": 0.2715,
    "tp": 2459576.79,
    "per": 1330.0,
    "moid": 1.14,
    "moid_ld": 443.0,
    "moid_jup": 2.46,
    "t_jup": 3.54,
    "sigma_e": 0.0000000002,
    "sigma_a": 0.0000000016,
    "sigma_q": 0.000000002,
    "sigma_i": 0.00000022,
    "sigma_om": 0.00000039,
    "sigma_w": 0.00000019,
    "sigma_ma": 0.0000016,
    "sigma_ad": 0.0000000017,
    "sigma_n": 0.0000000003,
    "sigma_tp": 0.0000054,
    "sigma_per": 0.0000013,
    "rms": 0.40095
  },
  "4": {
    "a": 2.577,
    "e": 0.1874,
    "i": 5.36,
    "om": 141.47,
    "w": 359.14,
    "q": 2.094,
    "ad": 3.06,
    "per_y": 4.14,
    "data_arc": 64891.0,
    "condition_code": 0.0,
    "n_obs_used": 3518.0,
    "H": 7.0,
    "spkid": 20000005.0,
    "sats": 0.0,
    "albedo": 0.274,
    "diameter_sigma": 3.14,
    "orbit_id": 2.0,
    "epoch": 2460200.5,
    "epoch_mjd": 60200.0,
    "epoch_cal": 2.0,
    "ma": 303.4,
    "n": 0.2383,
    "tp": 2460438.0600000001,
    "per": 1510.0,
    "moid": 1.11,
    "moid_ld": 430.0,
    "moid_jup": 1.97,
    "t_jup": 3.4,
    "sigma_e": 0.0000000027,
    "sigma_a": 0.0000000022,
    "sigma_q": 0.0000000065,
    "sigma_i": 0.00000022,
    "sigma_om": 0.0000035,
    "sigma_w": 0.0000036,
    "sigma_ma": 0.0000011,
    "sigma_ad": 0.0000000026,
    "sigma_n": 0.0000000003,
    "sigma_tp": 0.000005,
    "sigma_per": 0.0000019,
    "rms": 0.52332
  },
  "5": {
    "a": 2.426,
    "e": 0.2027,
    "i": 14.74,
    "om": 138.64,
    "w": 239.59,
    "q": 1.934,
    "ad": 2.92,
    "per_y": 3.78,
    "data_arc": 63828.0,
    "condition_code": 0.0,
    "n_obs_used": 6365.0,
    "H": 5.61,
    "spkid": 20000006.0,
    "sats": 0.0,
    "albedo": 0.2679,
    "diameter_sigma": 2.9,
    "orbit_id": 2.0,
    "epoch": 2460200.5,
    "epoch_mjd": 60200.0,
    "epoch_cal": 2.0,
    "ma": 144.0,
    "n": 0.2609,
    "tp": 2459648.5499999998,
    "per": 1380.0,
    "moid": 0.975,
    "moid_ld": 379.0,
    "moid_jup": 2.64,
    "t_jup": 3.44,
    "sigma_e": 0.000000006,
    "sigma_a": 0.0000000013,
    "sigma_q": 0.000000015,
    "sigma_i": 0.00000049,
    "sigma_om": 0.0000027,
    "sigma_w": 0.0000031,
    "sigma_ma": 0.0000021,
    "sigma_ad": 0.0000000016,
    "sigma_n": 0.0000000002,
    "sigma_tp": 0.0000077,
    "sigma_per": 0.0000011,
    "rms": 0.42473
  },
  "6": {
    "a": 2.387,
    "e": 0.2298,
    "i": 5.52,
    "om": 259.5,
    "w": 145.44,
    "q": 1.838,
    "ad": 2.94,
    "per_y": 3.69,
    "data_arc": 63871.0,
    "condition_code": 0.0,
    "n_obs_used": 5440.0,
    "H": 5.64,
    "spkid": 20000007.0,
    "sats": 0.0,
    "albedo": 0.2766,
    "diameter_sigma": 10.0,
    "orbit_id": 2.0,
    "epoch": 2460200.5,
    "epoch_mjd": 60200.0,
    "epoch_cal": 2.0,
    "ma": 207.9,
    "n": 0.2673,
    "tp": 2460769.5299999998,
    "per": 1350.0,
    "moid": 0.85,
    "moid_ld": 331.0,
    "moid_jup": 2.48,
    "t_jup": 3.49,
    "sigma_e": 0.0000000061,
    "sigma_a": 0.0000000012,
    "sigma_q": 0.000000015,
    "sigma_i": 0.00000067,
    "sigma_om": 0.0000045,
    "sigma_w": 0.0000049,
    "sigma_ma": 0.0000029,
    "sigma_ad": 0.0000000015,
    "sigma_n": 0.0000000002,
    "sigma_tp": 0.000011,
    "sigma_per": 0.000001,
    "rms": 0.40245
  },
  "7": {
    "a": 2.201,
    "e": 0.1565,
    "i": 5.89,
    "om": 110.86,
    "w": 285.6,
    "q": 1.857,
    "ad": 2.55,
    "per_y": 3.27,
    "data_arc": 64203.0,
    "condition_code": 0.0,
    "n_obs_used": 3088.0,
    "H": 6.61,
    "spkid": 20000008.0,
    "sats": 0.0,
    "albedo": 0.226,
    "diameter_sigma": 1.02,
    "orbit_id": 3.0,
    "epoch": 2460200.5,
    "epoch_mjd": 60200.0,
    "epoch_cal": 2.0,
    "ma": 317.29,
    "n": 0.3018,
    "tp": 2460342.0299999998,
    "per": 1190.0,
    "moid": 0.873,
    "moid_ld": 340.0,
    "moid_jup": 2.88,
    "t_jup": 3.64,
    "sigma_e": 0.0000000067,
    "sigma_a": 0.0000000013,
    "sigma_q": 0.000000015,
    "sigma_i": 0.00000075,
    "sigma_om": 0.0000048,
    "sigma_w": 0.0000066,
    "sigma_ma": 0.0000049,
    "sigma_ad": 0.0000000016,
    "sigma_n": 0.0000000003,
    "sigma_tp": 0.000016,
    "sigma_per": 0.0000011,
    "rms": 0.57279
  },
  "8": {
    "a": 2.387,
    "e": 0.1231,
    "i": 5.58,
    "om": 68.87,
    "w": 5.75,
    "q": 2.093,
    "ad": 2.68,
    "per_y": 3.69,
    "data_arc": 63304.0,
    "condition_code": 0.0,
    "n_obs_used": 2959.0,
    "H": 6.32,
    "spkid": 20000009.0,
    "sats": 0.0,
    "albedo": 0.118,
    "diameter_sigma": 0.4862988819,
    "orbit_id": 2.0,
    "epoch": 2460200.5,
    "epoch_mjd": 60200.0,
    "epoch_cal": 2.0,
    "ma": 345.43,
    "n": 0.2673,
    "tp": 2460255.0099999998,
    "per": 1350.0,
    "moid": 1.11,
    "moid_ld": 431.0,
    "moid_jup": 2.56,
    "t_jup": 3.52,
    "sigma_e": 0.000000018,
    "sigma_a": 0.0000000031,
    "sigma_q": 0.000000044,
    "sigma_i": 0.000002,
    "sigma_om": 0.000024,